client_id,full_name,email,phone
1,Наина Афанасьевна Никифорова,gromovandre@example.org,+7 (184) 661-85-62
2,Василиса Эдуардовна Наумова,roman2001@example.net,85613372426
3,Хохлова София Борисовна,ziminaalla@example.net,+7 (970) 521-7022
4,Павлов Мстислав Владиславович,potapovfilipp@example.net,+7 (844) 419-85-81
5,Феоктист Ермилович Аксенов,elisehohlov@example.org,8 (805) 408-7108
6,г-жа Потапова Анжелика Игоревна,bronislav_1995@example.org,81785400426
7,Милен Егорович Жданов,nosovnikifor@example.com,8 099 976 3888
8,Кудряшов Феоктист Фёдорович,smirnoverast@example.org,8 764 185 2467
9,Панфилов Спиридон Исидорович,budimir2008@example.org,8 915 307 6789
10,Вера Яковлевна Корнилова,korolevprokofi@example.net,+7 (619) 289-44-10
11,Анастасия Геннадьевна Меркушева,hristoforlitkin@example.com,+7 (423) 966-51-72
12,Данилов Рубен Ильич,odintsovtaras@example.net,8 232 400 6925
13,Ирина Рудольфовна Якушева,mihe59@example.com,+7 (741) 377-3961
14,Воронцова Зинаида Тимофеевна,msobolev@example.org,+7 591 495 0401
15,Селиван Федотович Белозеров,arseni_56@example.org,+7 (387) 079-8957
16,Кудряшова Валентина Станиславовна,vadimkondratev@example.net,87453288943
17,Комарова Лора Яковлевна,andreevapraskovja@example.org,+7 (304) 956-9755
18,Николаев Герман Трифонович,jakovevdokimov@example.com,+7 680 911 8425
19,Зайцев Флорентин Дмитриевич,sgrishina@example.net,+7 601 811 57 72
20,Мефодий Артемьевич Носков,kapustinaelena@example.net,8 609 327 19 47
21,Алина Владимировна Елисеева,innokenti_71@example.com,86263789206
22,Вячеслав Харлампович Казаков,ivan_96@example.org,85946410020
23,Милица Даниловна Александрова,yshchukin@example.com,8 939 649 9412
24,тов. Соболева Таисия Яковлевна,luchezarivanov@example.org,84703267532
25,Октябрина Кирилловна Карпова,marija_37@example.com,87871286419
26,Анисимова Раиса Николаевна,trifon27@example.com,8 046 480 85 63
27,Давыдов Афанасий Гертрудович,foma_1971@example.net,8 (354) 347-10-87
28,Иванна Максимовна Капустина,nikifor_58@example.org,+7 (728) 364-98-40
29,Дементьева Наталья Архиповна,nikandr_74@example.com,8 871 714 55 16
30,Никитина Регина Эдуардовна,prohor2009@example.net,8 (617) 022-1335
31,Викентий Давыдович Григорьев,evgeni_2004@example.net,+7 051 700 69 52
32,Михеев Сергей Трофимович,isidor_1971@example.net,8 456 811 8156
33,Абрамов Творимир Герасимович,tkostina@example.net,8 217 662 3504
34,Фадеев Силантий Валентинович,filimon_2015@example.com,8 210 166 28 46
35,Нинель Владимировна Костина,iraida_07@example.net,8 053 203 3805
36,Варвара Константиновна Федосеева,artemigerasimov@example.com,+7 950 745 3321
37,Федосеев Авдей Юльевич,petrovgavrila@example.net,+7 595 702 74 84
38,Евгения Геннадьевна Мухина,ufilippova@example.net,8 (393) 292-57-62
39,Арсений Терентьевич Матвеев,kopilovporfiri@example.net,+7 400 793 7410
40,Эрнест Димитриевич Ширяев,dorofeevprokl@example.com,+75593987118
41,Анжелика Дмитриевна Коновалова,etretjakov@example.org,+71521502830
42,Шубин Аникей Димитриевич,agafonovandron@example.com,+7 074 746 5262
43,Мария Тимуровна Михайлова,rfedoseev@example.net,8 (261) 561-59-30
44,Калинин Измаил Федосеевич,kshilov@example.net,8 297 822 42 93
45,Мельников Лучезар Егорович,hlitkin@example.com,8 684 266 5787
46,Власов Станислав Архипович,isakovivan@example.net,+7 (792) 707-2775
47,Лаврентьева Ия Викторовна,ladislav90@example.org,+7 717 262 27 31
48,Куприян Елизарович Кудрявцев,david_77@example.com,8 809 441 5929
49,Глеб Фёдорович Шубин,galaktion60@example.net,+71014674039
50,Селиверстов Спиридон Александрович,moke1972@example.net,+7 (304) 114-38-36
51,Белов Самуил Елисеевич,svetlana1999@example.com,+7 (569) 291-3927
52,Кулаков Ратмир Зиновьевич,faina_1981@example.org,8 (449) 724-2275
53,Шашков Федор Якубович,silakozlov@example.org,8 434 320 1774
54,Никитина Валерия Тарасовна,agafon_68@example.net,+7 (818) 548-2700
55,Пахомова Жанна Федоровна,solovevafinogen@example.com,+7 (869) 353-12-11
56,Феврония Георгиевна Ларионова,moke1988@example.com,+7 (659) 075-71-51
57,Сорокин Олимпий Харлампович,avde_1989@example.com,8 335 953 22 30
58,Стрелков Леонид Жоресович,zinaida82@example.com,+7 220 795 22 01
59,Владимирова Лидия Егоровна,noskovnikodim@example.com,+7 (838) 919-38-91
60,Лапина Нинель Андреевна,bolshakovanadezhda@example.org,+7 (527) 104-45-16
61,Любовь Робертовна Архипова,anzhela_1998@example.org,+7 (155) 479-5121
62,Агата Ивановна Давыдова,osip_1971@example.net,+7 817 615 61 42
63,Октябрина Семеновна Молчанова,mechislavpopov@example.com,+7 (286) 719-8401
64,Веселова Прасковья Михайловна,tihonovaija@example.net,+7 064 600 3608
65,Елисей Ефимович Егоров,nosovparamon@example.com,+7 451 958 23 20
66,Венедикт Демьянович Фокин,tihonovmilan@example.org,+71640705854
67,Коновалов Силантий Владленович,pimen47@example.com,+7 (465) 266-81-72
68,Петухов Эрнест Тарасович,ybragin@example.org,8 551 022 86 73
69,Шарапов Милан Демидович,evdokija_2015@example.net,+7 (416) 811-8139
70,Родионов Демид Александрович,sidorovustin@example.org,+7 028 568 4335
71,Вера Владимировна Горбачева,hariton32@example.org,+7 (140) 854-21-62
72,Муравьев Флорентин Германович,krilovvasili@example.org,+76687302607
73,Ладислав Данилович Шубин,platonjudin@example.net,+71114357288
74,Фёкла Семеновна Федосеева,kovalevzinovi@example.com,+7 383 199 4993
75,Андроник Фадеевич Гуляев,pankrati1970@example.org,+7 (105) 735-4687
76,Борисов Фортунат Измаилович,pilina@example.com,+74072315868
77,Егоров Любим Фомич,nifont2011@example.org,8 (628) 940-1305
78,Гаврилова Таисия Кузьминична,zisaev@example.com,8 (361) 133-3727
79,Ульян Авдеевич Архипов,pkoshelev@example.com,8 (382) 320-5655
80,Иванова Ия Афанасьевна,mark_05@example.org,8 (973) 597-76-39
81,Лукин Кондрат Антонович,vjacheslav27@example.com,8 (296) 925-4105
82,Капустин Дементий Евсеевич,veselovmakar@example.com,+73111622841
83,Куликова Регина Сергеевна,ekalashnikova@example.org,8 (937) 130-9973
84,Любосмысл Филиппович Муравьев,rozhkovkliment@example.com,8 533 025 6655
85,Ольга Дмитриевна Суханова,lavrentevnikifor@example.org,8 (136) 137-2059
86,Филимон Ефстафьевич Мясников,evlampi2020@example.com,8 634 249 87 29
87,Сорокин Бронислав Ярославович,komarovmihail@example.com,8 554 052 0498
88,Екатерина Кузьминична Куликова,erofepetuhov@example.org,+7 (007) 937-6060
89,Галкин Панфил Фадеевич,emeljanovaolga@example.com,+7 446 941 56 20
90,Агафья Олеговна Ситникова,gordeevsemen@example.org,+7 004 820 0923
91,Кириллов Гремислав Ермилович,izmail_1999@example.com,8 (467) 324-87-29
92,Антонина Ильинична Мухина,nikanorartemev@example.org,+7 (308) 023-0892
93,Клавдия Даниловна Воронцова,foti64@example.com,+7 596 643 7859
94,Петухова Василиса Геннадьевна,tarasovmir@example.com,87357789073
95,Евдоким Богданович Титов,stepankostin@example.net,8 (086) 498-0054
96,Игорь Афанасьевич Щербаков,arhip_1976@example.org,8 (745) 691-4390
97,Ларионова Жанна Тимофеевна,foka23@example.com,+7 702 163 90 89
98,Сидоров Ким Антипович,maksimiljan_2009@example.org,+74681482317
99,Казакова Клавдия Сергеевна,averki_32@example.net,8 (275) 852-45-83
100,Лора Богдановна Полякова,agafonovippolit@example.com,+7 294 549 2056
101,Миронова Марина Леонидовна,modest_50@example.com,8 (958) 876-03-44
102,Родион Артемьевич Куликов,nonna_24@example.org,8 (748) 872-2228
103,Нинель Тимофеевна Суханова,kallistrat_1974@example.com,8 (751) 606-05-11
104,Анжела Тимофеевна Новикова,parhipov@example.net,8 (138) 548-8570
105,Соловьева Анастасия Тимофеевна,kazimirfrolov@example.com,88743855347
106,Лебедева Евфросиния Владиславовна,eduardrogov@example.net,82489917137
107,Цветкова Лора Геннадиевна,wfedorov@example.com,+76235731463
108,Зиновьева Валерия Эдуардовна,filipp_2022@example.org,8 (583) 433-12-73
109,Соколова Анастасия Леонидовна,kondratevkallistrat@example.org,+7 296 958 1907
110,Людмила Наумовна Щукина,jmaksimov@example.net,8 258 908 2710
111,Радован Чеславович Потапов,romanovamarija@example.net,+7 604 244 2902
112,Полина Рубеновна Медведева,orest1988@example.net,8 (315) 528-62-72
113,Жданова Галина Мироновна,zikovfeliks@example.net,+7 713 464 09 43
114,Гусев Егор Тихонович,semen1974@example.org,80636012357
115,Тамара Леоновна Кононова,seliverstovanaina@example.org,8 102 845 6710
116,Автоном Филимонович Моисеев,tgurev@example.com,8 241 254 6432
117,Ларионова Вера Степановна,kulakovafanasi@example.com,+7 325 923 72 22
118,Данилова Ия Яковлевна,timofe1997@example.com,88709948136
119,Татьяна Львовна Носова,zinovevlavr@example.com,8 (722) 308-82-24
120,Вероника Егоровна Бурова,novikovakira@example.com,+7 (391) 511-03-22
121,Шарапов Игнатий Владиславович,djachkovemeljan@example.com,+7 370 444 75 65
122,Корнилов Трифон Бенедиктович,mina_68@example.com,8 497 408 78 63
123,Фокина Фёкла Степановна,modestfokin@example.net,+7 031 629 31 79
124,Цветкова Любовь Эдуардовна,fekla_14@example.org,8 621 999 9720
125,Антип Ярославович Костин,burovaekaterina@example.org,8 (449) 907-29-03
126,Новикова Зинаида Павловна,dmitrievpantelemon@example.com,8 (689) 487-19-53
127,Светлана Петровна Турова,vbobilev@example.org,+78371245317
128,Регина Артемовна Русакова,platon49@example.com,8 (475) 522-68-19
129,Ольга Рудольфовна Кошелева,belozeroviosif@example.com,8 (785) 584-1792
130,Прасковья Львовна Фокина,kondratevzinovi@example.org,8 (062) 241-3541
131,Василиса Игоревна Горбунова,vorontsovgrigori@example.com,+71221742804
132,Веселова Любовь Валериевна,eleonora_1995@example.net,8 994 331 06 27
133,Вероника Наумовна Титова,amvrosi1990@example.com,81414429320
134,Исаев Всеволод Венедиктович,rodion_60@example.net,8 998 092 53 71
135,Нонна Тимуровна Соколова,onufri2020@example.org,+7 (867) 355-69-27
136,Ия Артемовна Орехова,isavorontsov@example.org,8 (674) 651-92-51
137,Добромысл Анатольевич Шарапов,rsitnikova@example.org,8 365 215 87 98
138,Владимиров Софрон Захарьевич,filaret2018@example.org,+7 (607) 333-75-03
139,Колесникова Ираида Филипповна,anisimovanina@example.com,8 989 253 83 60
140,Брагина Нинель Ждановна,vitali_58@example.net,+7 351 677 1292
141,Анна Ждановна Моисеева,tit32@example.net,8 (965) 436-1803
142,Марина Матвеевна Бирюкова,viktor1991@example.org,+7 (174) 947-7453
143,Колесников Фома Антонович,evgeni1972@example.org,88041346559
144,Субботина Наталья Евгеньевна,baranovevdokim@example.org,+7 805 093 9572
145,Иванна Аскольдовна Максимова,adrian2017@example.com,+7 700 308 0138
146,Кондрат Артурович Захаров,tit_94@example.com,+7 779 206 23 05
147,Анисимова Лора Геннадьевна,ykolobov@example.org,+7 (777) 366-04-62
148,Иванов Филипп Ильясович,rdorofeev@example.org,+7 985 779 42 41
149,Всеслав Бориславович Федотов,kabanovarseni@example.com,+7 205 630 72 10
150,Христофор Изотович Мельников,djachkovazhanna@example.com,8 (457) 407-55-06
151,Борислав Еремеевич Архипов,frodionova@example.org,+7 469 911 85 41
152,Феврония Даниловна Карпова,leonti1982@example.org,+7 697 142 0596
153,Авксентий Ерофеевич Дорофеев,paramon_06@example.net,8 (452) 767-67-68
154,Сократ Феофанович Рогов,emeljan_2010@example.org,8 026 149 5439
155,Журавлев Климент Бориславович,kazakovevlampi@example.org,83043784643
156,Федотов Гордей Аксёнович,litkinmark@example.net,+7 445 483 61 44
157,г-жа Карпова Жанна Романовна,shestakovmir@example.com,8 (838) 608-6270
158,Фомин Емельян Феофанович,serafimafanasev@example.org,8 399 439 75 34
159,Олимпий Ануфриевич Шарапов,panfilovapollinari@example.net,8 (504) 671-88-60
160,Амос Викентьевич Николаев,savelevirakli@example.com,+7 061 621 10 05
161,Ольга Евгеньевна Мухина,shashkovirakli@example.net,+7 (374) 661-33-12
162,Аникей Трофимович Соловьев,ignatovtimofe@example.net,+72888227739
163,Наина Станиславовна Никитина,medvedevgleb@example.com,8 759 068 10 98
164,Прохоров Вышеслав Григорьевич,mokejudin@example.org,8 (190) 833-15-08
165,Павлова Акулина Максимовна,smiheev@example.org,8 934 868 08 86
166,Осипова Ираида Тимофеевна,agata_00@example.com,8 380 969 5109
167,Некрасов Парфен Елизарович,seliverstovapelageja@example.com,8 129 040 8452
168,Виноградова Елена Ефимовна,guri_53@example.com,8 (473) 131-4740
169,Захар Германович Устинов,dovchinnikova@example.org,+7 129 028 62 24
170,Чернова Анастасия Викторовна,ljubov1984@example.com,+7 495 330 3518
171,Андрей Захарьевич Горшков,vladislav_67@example.com,+7 (322) 845-4637
172,Анастасия Феликсовна Назарова,lev2019@example.net,+7 (024) 702-8339
173,Татьяна Кузьминична Ситникова,ernst_2018@example.com,+7 (114) 067-71-18
174,София Яковлевна Кириллова,ratibordoronin@example.org,8 469 226 8703
175,Ирина Дмитриевна Сафонова,kim_2007@example.net,88509485366
176,Ершов Валерий Власович,efrem81@example.org,+7 507 797 54 16
177,Ларионов Кондрат Трифонович,avtonom_2001@example.org,+7 350 109 42 31
178,Мясникова Мария Борисовна,silanti_21@example.org,8 162 202 23 74
179,Гремислав Дмитриевич Алексеев,valerjan_75@example.com,8 518 777 0405
180,Анатолий Дмитриевич Миронов,akulikova@example.org,+78528986640
181,Михайлов Панкрат Игнатьевич,velimir_27@example.com,+75864792334
182,Прасковья Альбертовна Соболева,csokolov@example.net,+7 (912) 429-44-39
183,Потапов Виссарион Глебович,gavrila_96@example.net,+7 (592) 203-19-99
184,Пономарева Акулина Архиповна,militsa_2009@example.org,89220918464
185,г-н Белов Тимофей Фомич,nikolaevserafim@example.net,+7 327 573 4321
186,Лукин Святополк Денисович,sharapovsokrat@example.com,8 (966) 055-1477
187,Смирнова Марфа Дмитриевна,tatjana2013@example.com,8 (426) 444-0154
188,Клавдий Аксёнович Игнатов,emil_1972@example.com,8 (722) 480-02-28
189,Горбунова Алла Юрьевна,spiridon_1985@example.org,8 520 117 9752
190,Медведева Синклитикия Ниловна,maslovsavvati@example.com,+70115818395
191,Аникей Ермилович Миронов,mgordeeva@example.net,8 787 132 2232
192,Карл Александрович Баранов,ljubov1976@example.com,+71098896011
193,Глафира Станиславовна Воронцова,dorofe96@example.com,87376302291
194,Влас Елизарович Зимин,filaret56@example.net,+7 (515) 235-25-33
195,Борислав Фролович Трофимов,dementevpahom@example.org,8 (603) 233-1172
196,Филимон Валерианович Яковлев,oksana_98@example.org,+7 691 317 95 86
197,Зинаида Станиславовна Казакова,ostromirblohin@example.net,8 (218) 986-4593
198,Людмила Аскольдовна Сысоева,sidor2013@example.org,8 (048) 503-1759
199,Анжела Андреевна Александрова,tevdokimova@example.org,8 (247) 768-88-01
200,Нонна Кузьминична Котова,spahomov@example.net,+7 497 750 71 57
201,Евстафий Власович Селезнев,gushchintimur@example.com,+7 199 231 4035
202,Валерия Аскольдовна Князева,gerasim2001@example.org,8 534 890 14 40
203,тов. Казаков Руслан Валентинович,potapsamolov@example.net,+7 405 523 3320
204,Ермолай Зиновьевич Лихачев,lazar10@example.org,8 (910) 817-55-24
205,Людмила Константиновна Нестерова,baranovadarja@example.net,8 695 674 16 53
206,Игнатьева Фёкла Антоновна,filippovkuprijan@example.net,8 (111) 252-52-26
207,Андреева Нина Яковлевна,elisebelousov@example.net,+7 646 616 74 90
208,Нонна Романовна Лыткина,ipati2023@example.net,+7 742 072 5250
209,Белозеров Стоян Игнатович,ssobolev@example.com,8 284 429 9278
210,Пров Феоктистович Шаров,agafonzikov@example.org,8 819 020 2317
211,Нина Рубеновна Петрова,tihonkolesnikov@example.net,+7 247 154 96 15
212,Лапин Всеслав Бориславович,vasili_2008@example.net,8 (251) 258-27-98
213,Пров Федотович Сергеев,nekrasovradislav@example.com,8 (312) 127-47-64
214,Авксентий Филиппович Суворов,jbogdanov@example.com,8 (944) 817-9028
215,Фёкла Артемовна Никитина,varfolome_1999@example.net,+7 361 466 3499
216,Сорокин Устин Демьянович,evlampi1989@example.org,8 (471) 686-92-71
217,Творимир Федосьевич Тимофеев,averkismirnov@example.org,+7 (547) 682-06-52
218,Васильев Гремислав Анисимович,fedotovevgeni@example.com,+7 067 338 01 81
219,Кириллов Ким Давидович,oustinova@example.net,8 273 251 93 50
220,Иванна Леоновна Архипова,valentina_86@example.com,+7 (764) 939-8126
221,Агата Вениаминовна Беспалова,kapustinhristofor@example.com,8 996 319 6004
222,Петров Ферапонт Елизарович,kabanovnatan@example.net,80141109772
223,Амос Эдуардович Фадеев,wzikov@example.com,84003376672
224,Горбунова Октябрина Сергеевна,velimir18@example.com,81657143249
225,Исаков Потап Евсеевич,kiselevflorentin@example.net,8 056 897 14 04
226,Василий Фокич Молчанов,solomon_1992@example.org,8 (627) 918-33-08
227,Устин Гавриилович Беспалов,osip_2003@example.net,8 624 197 79 71
228,Евграф Захарьевич Гущин,ipatmaksimov@example.net,+7 (971) 296-4834
229,Шестаков Варлаам Антонович,porfiri78@example.com,89554325016
230,Смирнова Зоя Вениаминовна,tverdislav2013@example.org,8 783 916 5791
231,Василиса Рубеновна Рогова,agata_59@example.com,+72248847908
232,Капустин Евграф Всеволодович,dorofe31@example.com,80257475968
233,Федосий Артемьевич Рогов,amvrosi2017@example.net,8 (037) 432-48-51
234,Морозова Анжела Святославовна,eliseevatatjana@example.com,8 (176) 046-0228
235,Капустин Герман Венедиктович,arefi62@example.com,8 597 719 54 89
236,Антонов Никандр Теймуразович,venediktgrishin@example.com,+7 343 670 4723
237,Акулина Валериевна Макарова,natanabramov@example.com,+7 004 972 7617
238,Котова Марина Леоновна,prokofi_18@example.net,+7 (024) 445-1130
239,Сазонова Дарья Робертовна,juvenalilarionov@example.com,8 225 424 22 71
240,Анна Робертовна Костина,nikanor_55@example.com,8 (578) 124-7182
241,Наталья Игоревна Мясникова,gremislav1990@example.org,85539267899
242,Бирюкова Евфросиния Егоровна,rostislav_59@example.com,8 (070) 527-92-89
243,Станимир Юльевич Ширяев,burovprov@example.com,+73698549831
244,Евдокия Павловна Комиссарова,velimirdoronin@example.net,8 603 495 66 26
245,Анна Харитоновна Красильникова,vseslav59@example.com,8 094 695 88 01
246,Богданов Соломон Денисович,elena_1974@example.net,+7 829 136 5508
247,Ирина Олеговна Колесникова,egorovalidija@example.com,8 (166) 673-2782
248,Молчанов Михаил Федосеевич,izmail_89@example.net,8 (604) 907-12-94
249,Ираида Болеславовна Соболева,evdokimovevdokim@example.com,+7 334 535 6649
250,Аристарх Витальевич Федоров,grishinjuvenali@example.com,8 (298) 873-99-39
251,Алла Георгиевна Абрамова,austinov@example.org,+74470376654
252,Савватий Тихонович Давыдов,kotovartemi@example.net,8 (968) 234-1160
253,Ксения Борисовна Прохорова,silatitov@example.net,8 (088) 299-59-51
254,Никон Глебович Марков,irakli2002@example.net,+74368137517
255,Лыткина Таисия Федоровна,erofe63@example.org,8 (520) 165-69-38
256,Эмиль Ааронович Гришин,isidorgalkin@example.org,8 (962) 309-03-82
257,Виссарион Владиславович Прохоров,frol_1994@example.com,+7 701 946 7466
258,Алла Матвеевна Якушева,filimon_94@example.org,+7 (644) 959-8687
259,Миронова Пелагея Федоровна,qgorshkov@example.org,+7 586 671 1749
260,Родионова Валентина Юльевна,cbaranov@example.net,89693839945
261,Фролова Анжелика Петровна,leon_2019@example.org,+7 247 578 79 93
262,Жанна Александровна Логинова,antonina_06@example.org,8 741 266 98 43
263,Анжелика Болеславовна Игнатова,savelevaagata@example.org,8 301 010 2732
264,Фаина Вячеславовна Карпова,timofe2010@example.org,8 (721) 177-6545
265,Ситников Стоян Владиленович,maksimiljan96@example.org,8 127 677 61 34
266,Романов Радислав Вилорович,budimir_2003@example.com,8 (505) 946-1573
267,Бирюкова Евдокия Рудольфовна,egor_1989@example.org,+7 866 972 4302
268,Дементьев Автоном Афанасьевич,antoninlavrentev@example.com,8 175 280 54 07
269,Лобанов Елисей Федосьевич,gbirjukova@example.net,8 (439) 377-4644
270,Нина Алексеевна Ершова,ninel2012@example.com,8 (226) 108-74-33
271,Гуляева Екатерина Николаевна,tegorov@example.org,+72564389008
272,Медведев Добромысл Феликсович,vladilen32@example.net,8 359 341 00 47
273,Мир Борисович Фокин,ipati1988@example.org,8 761 058 5516
274,Аггей Дорофеевич Субботин,maleksandrova@example.net,84437947631
275,Никифорова Клавдия Георгиевна,prohorovagalina@example.net,+7 (840) 685-6138
276,Синклитикия Егоровна Пахомова,lmjasnikov@example.net,+70065500443
277,Овчинникова Нонна Игоревна,prohor18@example.com,+7 120 040 31 59
278,Алина Борисовна Ильина,radovan07@example.com,80579416843
279,Евдокия Архиповна Беляева,andron16@example.net,8 (172) 856-91-27
280,Фёкла Афанасьевна Веселова,martjan_17@example.com,88830630736
281,Лукьян Елисеевич Зуев,amos01@example.com,8 (716) 652-5474
282,Соломон Анатольевич Пахомов,nesterovkallistrat@example.net,8 (968) 632-9623
283,Амос Григорьевич Беляков,lora_2011@example.org,8 832 636 1786
284,Таисия Геннадьевна Носкова,svjatopolkgavrilov@example.com,+7 541 116 1566
285,Касьян Арсенович Абрамов,jaroslav1996@example.org,+7 (155) 539-54-96
286,Гусева Виктория Борисовна,agafja_82@example.com,8 467 790 2803
287,Лебедев Евграф Валентинович,moiseevanina@example.com,+79972534081
288,Воронов Виссарион Августович,averjan16@example.org,+74017842013
289,Потапова Нина Руслановна,jakub_11@example.com,8 662 863 30 00
290,Мартынова Синклитикия Яковлевна,apollinari_1990@example.org,8 219 190 1056
291,Трофимова Ия Игоревна,firs_1975@example.com,+7 (650) 688-49-06
292,Сергей Викторович Хохлов,belozerovnikola@example.org,+7 399 695 64 96
293,Рыбакова Василиса Олеговна,isa_1979@example.org,8 (843) 712-0371
294,Вера Вячеславовна Одинцова,ferapont_2021@example.net,8 (268) 881-10-38
295,Кира Николаевна Королева,lidija_1978@example.net,+7 006 558 70 66
296,Одинцова Виктория Натановна,feofankuznetsov@example.org,8 (457) 386-51-57
297,Гурьев Алексей Ефстафьевич,varfolome1981@example.net,+7 100 387 96 20
298,Силина Нина Ивановна,pestovaalla@example.org,8 (684) 249-8147
299,Тихон Всеволодович Шарапов,emmanuil2015@example.net,8 (224) 506-8848
300,Оксана Аркадьевна Турова,ipatigrigorev@example.org,8 (693) 205-4290
301,Васильева Агата Филипповна,bogdan_1989@example.org,87491938746
302,Вадим Валерианович Лаврентьев,vguseva@example.com,8 (677) 283-29-83
303,Шубина Майя Аскольдовна,wpanova@example.org,8 270 007 06 38
304,Оксана Феликсовна Мухина,rjurik2017@example.net,8 (600) 358-19-41
305,Орлова Виктория Андреевна,alekseevaevfrosinija@example.com,83224030961
306,Виктор Феоктистович Денисов,sevastjan_1983@example.net,84156663294
307,Всеслав Феодосьевич Никитин,guljaevfoka@example.org,+7 604 317 71 76
308,Панкрат Викторович Молчанов,makarovgavrila@example.org,83345011239
309,Евдокия Святославовна Зуева,gremislav_2021@example.com,8 272 330 5353
310,Евсеев Аверьян Ярославович,naina2009@example.org,+71737198121
311,Марк Тарасович Юдин,kuprijansidorov@example.net,8 454 800 51 72
312,Ким Ефимьевич Мельников,evlampi_1980@example.com,+7 949 074 92 61
313,Мартьян Бориславович Ефремов,darja_50@example.net,+7 885 211 4129
314,Виктория Рубеновна Савельева,jaroslav_86@example.com,8 (921) 973-50-79
315,Евсей Федосьевич Фокин,vorontsovapollon@example.net,8 223 286 28 62
316,Коновалов Милован Аксёнович,uvarovkonon@example.org,8 (140) 203-0203
317,Романов Любосмысл Давыдович,vladilen_76@example.net,8 357 142 7312
318,Галкин Феоктист Феликсович,kimpahomov@example.net,8 085 747 18 12
319,Бурова Таисия Егоровна,varvara_2020@example.com,+7 (192) 935-90-20
320,Доронин Емельян Васильевич,uljana1996@example.net,+7 405 582 29 64
321,Светлана Богдановна Веселова,oleg2014@example.com,+7 (046) 193-8828
322,Шилова Ольга Валериевна,pahomovspiridon@example.com,+7 935 393 6545
323,Фомичева Евфросиния Игоревна,fedorovaalevtina@example.org,8 (093) 085-5118
324,Мина Тимурович Зайцев,loginovterenti@example.org,8 (349) 480-1268
325,Котова Лидия Максимовна,ereme_1993@example.com,+7 (207) 380-5539
326,Кулагин Евсей Даниилович,ignatovevgeni@example.net,+7 (166) 041-90-54
327,Кошелева Глафира Ивановна,antip11@example.com,+7 861 792 4939
328,Алексеев Михаил Феликсович,vishnjakovcheslav@example.org,+7 (356) 004-4197
329,Воронцов Сидор Анатольевич,pankrat2011@example.com,+7 (462) 746-5946
330,Ювеналий Трифонович Терентьев,komarovmir@example.org,8 903 066 70 09
331,Артемьев Амвросий Ефремович,anzhela1973@example.org,+75035752891
332,Беляков Арсений Адамович,anzhela_64@example.net,8 082 240 05 73
333,Влас Артурович Рожков,konstantin_2014@example.net,+7 413 520 24 89
334,Филиппов Болеслав Архипович,andron58@example.com,8 (237) 639-3851
335,Анжела Афанасьевна Савина,evlampi_83@example.com,+78414919078
336,Александрова Татьяна Артемовна,yponomarev@example.org,85723124925
337,Харитонова Синклитикия Макаровна,trofimovonufri@example.net,+79494983641
338,Измаил Федотович Калинин,valeri46@example.org,84220215894
339,Евдокия Григорьевна Красильникова,petr_1974@example.net,8 (158) 881-9128
340,Пелагея Матвеевна Николаева,usafonov@example.org,8 271 043 4336
341,Елена Вячеславовна Власова,kabanovvitali@example.com,89769565708
342,Феоктист Фролович Тихонов,fedosi79@example.net,8 475 777 55 23
343,тов. Цветков Вячеслав Ефстафьевич,tihonovnaum@example.com,+7 (096) 826-61-04
344,Лукина Наталья Ждановна,fokinajulija@example.net,+74916181301
345,Василиса Петровна Коновалова,semenovspartak@example.net,84409833265
346,Фокин Мстислав Изотович,artemi_2009@example.org,8 616 564 27 95
347,Евпраксия Наумовна Исаева,nadezhda_87@example.com,+7 (090) 902-30-30
348,Натан Ефстафьевич Субботин,foti_1994@example.net,88835314928
349,Анастасия Львовна Кононова,artem73@example.org,+79248502834
350,Аверьян Евстигнеевич Вишняков,ivanovelizar@example.org,+7 183 991 33 18
351,Мокей Фролович Беляков,orehovnikodim@example.org,+7 (734) 605-1761
352,Елизавета Игоревна Мартынова,askold_59@example.net,81199930117
353,Феврония Леоновна Дементьева,alla2017@example.net,+7 162 491 2046
354,Орехова Алла Ниловна,doronintvorimir@example.com,8 445 370 36 66
355,Устин Ефстафьевич Шестаков,ukulikova@example.org,83885688231
356,Ладимир Устинович Зиновьев,konovalovaraisa@example.com,8 123 822 6794
357,Каллистрат Ефстафьевич Фролов,irina_1977@example.net,+7 585 466 26 49
358,Александра Ивановна Лобанова,kulaginzinovi@example.org,8 062 849 69 87
359,Дарья Дмитриевна Ершова,androniknikiforov@example.com,+73170309733
360,Лариса Кузьминична Рыбакова,cheslavsitnikov@example.com,+7 (080) 809-3596
361,Шилова Олимпиада Тарасовна,stepan_1986@example.com,+7 (101) 071-8593
362,Потапова Нонна Валериевна,foti_50@example.org,8 (897) 267-81-58
363,Дементий Евсеевич Васильев,gremislav_2025@example.net,8 307 629 5357
364,Дроздов Изот Фокич,solovevvarfolome@example.org,8 (553) 102-1540
365,Блохин Эммануил Антонович,ruben28@example.org,8 403 441 9778
366,Терентьева Нина Юрьевна,ezikova@example.org,+7 (392) 699-6022
367,Елена Тимофеевна Кузнецова,fortunat_04@example.org,+7 975 190 56 00
368,Щукина Мария Львовна,terentevvladimir@example.org,8 384 328 5925
369,Лукина Ираида Викторовна,zhukovazoja@example.org,+7 (653) 432-06-83
370,Рябова Марина Викторовна,rostislav35@example.com,85557205744
371,Михаил Трофимович Авдеев,serafim2011@example.net,8 282 109 88 42
372,Елисеева Таисия Валериевна,krjukovevstafi@example.org,8 630 642 33 75
373,Шарова Лариса Юльевна,valentina07@example.org,+7 (682) 529-3923
374,Колобова Раиса Харитоновна,subbotinjakub@example.com,+7 261 305 3455
375,Воронова Наталья Леоновна,vladislav32@example.net,8 (859) 956-04-82
376,Зиновий Гурьевич Филатов,ladimirkovalev@example.org,+7 (458) 637-09-00
377,Фомичева Прасковья Тимуровна,ogrigoreva@example.net,83041886719
378,Орлова Надежда Феликсовна,isakovmarian@example.org,8 085 522 6264
379,Бобылев Владислав Елизарович,apollon_22@example.com,88974054632
380,Соболев Борис Германович,tzueva@example.com,8 356 084 91 35
381,Вероника Владиславовна Князева,anzhela_13@example.com,+76445333725
382,Куприян Валентинович Самсонов,evlampi_54@example.com,+7 227 098 5759
383,Платон Федосеевич Копылов,fedosi_1977@example.com,+72165535717
384,Зоя Ждановна Петухова,vjacheslav_2022@example.org,+76928664893
385,Симонов Всемил Вячеславович,vlas14@example.com,87237633908
386,Карп Антипович Григорьев,avdeevdobroslav@example.org,+7 (891) 690-6904
387,Семенова Марфа Федоровна,ponomarevaalla@example.net,8 851 011 5877
388,Исаев Софрон Адамович,mjasnikovvladlen@example.net,+7 (883) 194-9695
389,Гаврила Викторович Лебедев,andronik_2005@example.org,+7 258 581 7698
390,Аксенова Лидия Константиновна,januari1974@example.com,8 (234) 181-71-66
391,Никитина Эмилия Аскольдовна,pestovazari@example.com,+7 (394) 188-55-42
392,Ирина Робертовна Лихачева,fedorovaljudmila@example.com,8 (531) 744-60-29
393,Константинов Бронислав Чеславович,denisovapelageja@example.com,8 949 344 57 91
394,Родионов Савва Валерианович,tit59@example.org,8 832 638 8517
395,Соколова Ираида Андреевна,kuzma_64@example.net,+7 012 707 12 29
396,Денисов Всеслав Адамович,bazhen1981@example.org,8 803 724 1672
397,Вера Болеславовна Попова,harlampikomarov@example.net,+7 (800) 477-5142
398,Самсон Матвеевич Моисеев,miron_1994@example.org,8 (339) 591-58-55
399,Нестеров Сократ Елисеевич,fekla2006@example.org,+7 875 236 8943
400,Горбачев Спартак Еремеевич,zhuravlevataisija@example.com,+78279639877
401,Терентий Алексеевич Николаев,foma_2017@example.com,+7 (449) 400-9279
402,Вишнякова Людмила Кирилловна,lihachevsimon@example.com,8 308 681 7971
403,Копылов Харлампий Власович,lobanovairina@example.org,8 (270) 410-26-65
404,Леон Ефимович Виноградов,olimpiada1983@example.org,83020728251
405,Зинаида Робертовна Ковалева,savva_10@example.com,+75821728873
406,Элеонора Аскольдовна Молчанова,bojan2007@example.org,+7 896 173 21 42
407,Орехов Фрол Александрович,mechislav_2012@example.net,8 (005) 750-5703
408,Жанна Константиновна Матвеева,zosima_49@example.net,+70177113660
409,Якуб Измаилович Рыбаков,kulaginjan@example.net,8 842 484 93 52
410,Алла Геннадьевна Евдокимова,parfen83@example.org,8 (757) 911-11-90
411,Богдан Августович Зимин,vbelov@example.org,+7 329 718 00 83
412,Борис Юльевич Герасимов,vasilipetuhov@example.net,+74797761958
413,Горшкова Алина Яковлевна,tsvetkovernst@example.net,8 884 639 5163
414,Баранов Мстислав Герасимович,ipatiagafonov@example.net,+7 454 560 34 35
415,Нонна Геннадьевна Цветкова,mina_30@example.com,+7 (045) 125-2844
416,Федоров Исай Ануфриевич,medvedevprohor@example.net,85380434806
417,Виктория Константиновна Медведева,volkoverast@example.com,+72115026233
418,Майя Борисовна Денисова,sokratseliverstov@example.net,8 394 554 01 87
419,Костин Зиновий Арсенович,artemevpahom@example.org,85098936354
420,Зайцев Мартын Витальевич,petr31@example.com,8 758 881 52 07
421,Дарья Робертовна Горбачева,kondrati20@example.org,+7 (584) 311-05-38
422,Архипов Иларион Жоресович,simonovaksenija@example.com,+7 (713) 881-02-27
423,Фаина Владиславовна Дементьева,oktjabrina_1990@example.com,+7 021 967 35 46
424,Колесников Федор Фролович,mironovpankrati@example.net,+7 (842) 347-0360
425,Лапина Регина Богдановна,naina_99@example.org,+7 748 265 3515
426,Сидоров Терентий Тихонович,zalekseeva@example.org,+7 726 175 94 47
427,Федоров Демид Елизарович,igor1970@example.com,8 169 769 6122
428,тов. Смирнова Агата Болеславовна,merkushevvikenti@example.com,+7 301 050 11 77
429,Анжелика Кирилловна Королева,ljubomir_2019@example.com,+7 (474) 097-1086
430,Никитина Марина Евгеньевна,muravevstojan@example.net,8 (584) 815-1872
431,Исаков Тихон Евсеевич,varlaam_84@example.com,+7 (471) 294-1012
432,Наина Ильинична Пономарева,sobolevkornil@example.com,8 559 859 05 02
433,Ефим Жоресович Фокин,marian64@example.org,86718228249
434,Федотова Олимпиада Леонидовна,medvedevavtonom@example.org,8 (941) 531-9799
435,Богданов Демид Венедиктович,emmanuil_70@example.com,+70842457107
436,Коновалова Прасковья Игоревна,borisovippolit@example.com,8 (350) 406-9521
437,Ульяна Антоновна Ширяева,konstantinovgostomisl@example.net,8 (683) 908-3536
438,Калашникова Евфросиния Геннадьевна,viktorija_1981@example.net,+7 (899) 928-20-29
439,Шарапов Софон Юлианович,krilovapolina@example.net,+7 (777) 307-5488
440,Смирнова Фаина Эдуардовна,maksimiljan2020@example.org,8 627 442 48 84
441,Владимиров Лавр Измаилович,trofim_1975@example.com,86084778602
442,Автоном Адрианович Алексеев,demjan_64@example.net,8 (776) 027-81-16
443,Никитина Раиса Степановна,psharapov@example.org,+78726285250
444,Арсений Ануфриевич Григорьев,galina02@example.org,8 954 884 7746
445,Беспалова Александра Богдановна,viktorin1999@example.net,8 694 420 96 76
446,Ирина Натановна Зуева,gurevvaleri@example.org,8 948 309 1587
447,Трифон Антонович Куликов,gennadi_1980@example.net,+77760470778
448,Архипова Акулина Андреевна,vladislav_88@example.com,+7 (856) 675-7116
449,Людмила Тимофеевна Шубина,evseevmechislav@example.org,8 123 264 07 86
450,Шарапова София Робертовна,luka_2015@example.net,+72654980105
451,Юрий Ильясович Ларионов,rzhdanov@example.org,8 727 546 1715
452,Ершова Светлана Геннадьевна,belozerovaklavdija@example.com,8 980 681 53 53
453,Гурьева Лариса Тимуровна,gerasimovignati@example.org,8 155 292 0556
454,Силин Гедеон Терентьевич,agafja1983@example.com,+7 944 126 51 54
455,Марк Фёдорович Одинцов,knjazevavasilisa@example.net,+76775730152
456,Гаврилов Владислав Захарьевич,veselovvladimir@example.com,80923518288
457,тов. Блинова Ангелина Натановна,solovevaviktorija@example.com,+7 (420) 404-25-13
458,Денисов Петр Иларионович,zosima1970@example.net,8 525 075 68 36
459,Иванна Вячеславовна Кабанова,trofimovvsevolod@example.org,8 (251) 988-41-77
460,Станимир Анисимович Мухин,vishnjakovapollinari@example.net,8 976 709 8220
461,Октябрина Артемовна Корнилова,stepanovaangelina@example.com,8 (223) 759-7447
462,Ефимова Надежда Антоновна,eduard00@example.org,8 018 072 7630
463,Комаров Конон Ильясович,tkondratev@example.org,88405576872
464,София Богдановна Сергеева,afinogen77@example.net,81639382045
465,Логинов Мина Фадеевич,ipat1990@example.com,8 (721) 696-33-28
466,Евпраксия Павловна Кулагина,gsavelev@example.net,+7 (399) 670-91-32
467,Сигизмунд Даниилович Молчанов,julija_1992@example.net,8 (479) 866-98-55
468,Валентина Рудольфовна Степанова,taras_94@example.org,+74485028721
469,Жукова Надежда Рубеновна,spartak_1989@example.com,+7 (547) 188-3777
470,Давыд Афанасьевич Павлов,kim_1974@example.net,+7 (451) 293-99-44
471,Лукина Галина Евгеньевна,pavlovrjurik@example.net,+7 569 107 3125
472,Пономарева Виктория Романовна,martinantonov@example.org,83024162078
473,Денисов Валентин Филимонович,aleksandra71@example.com,+70503038804
474,Алина Алексеевна Моисеева,agap_08@example.org,81048266007
475,Тимофей Гертрудович Селиверстов,xzhuravlev@example.net,85274630393
476,Котова Таисия Кузьминична,medvedevaskold@example.net,8 (685) 844-5132
477,Ираида Рудольфовна Бурова,isaevaraisa@example.net,+7 513 426 8708
478,Пелагея Юрьевна Гущина,radovan74@example.net,8 (915) 736-51-09
479,Журавлев Терентий Юльевич,kapitonkonstantinov@example.net,8 683 781 70 80
480,Князева Глафира Леонидовна,tvorimir12@example.org,+7 482 347 54 45
481,Кудряшов Терентий Абрамович,odintsovaagafja@example.net,8 (048) 547-18-21
482,Гурьева Вероника Дмитриевна,isidor_1996@example.org,8 (964) 400-51-42
483,Аполлинарий Эдгардович Соколов,aleksepotapov@example.net,89687536863
484,Цветков Аполлинарий Харлампьевич,izot_1974@example.org,+7 (643) 361-42-03
485,Данилов Юлий Ерофеевич,kolobovkir@example.net,8 (485) 313-50-76
486,Брагина Алина Георгиевна,fokinaelena@example.com,+72862926948
487,Воронов Милен Гордеевич,innokentivlasov@example.net,+7 438 596 9773
488,Борисова Вера Антоновна,ksenija38@example.com,8 311 873 8486
489,Захаров Ростислав Всеволодович,bikovmakar@example.net,+7 255 148 6179
490,Маслов Евдоким Устинович,anisim1983@example.org,+7 692 289 90 52
491,Кир Абрамович Ефимов,krilovmark@example.org,8 (287) 792-4533
492,Ефрем Бориславович Комаров,sergemaksimov@example.net,88422830577
493,Лазарева Пелагея Станиславовна,gavrilovbudimir@example.com,84872007053
494,Белов Чеслав Евсеевич,feliks_74@example.net,8 (164) 366-03-36
495,Силин Митофан Августович,kuprijan_1976@example.org,+7 252 285 9261
496,Анисимова Анна Архиповна,olimpi_68@example.net,+7 (732) 174-7797
497,Смирнова Акулина Петровна,filimon2023@example.com,+7 (753) 324-8971
498,Мефодий Евстигнеевич Туров,vinogradovalukija@example.com,8 053 979 9051
499,Наркис Фёдорович Шашков,medvedevisidor@example.org,8 (012) 710-9500
500,Шарапов Эрнст Димитриевич,ovishnjakova@example.org,89103146085
501,Эрнест Демидович Шарапов,odintsovaoksana@example.com,+7 (006) 002-7668
502,Блинова Мария Дмитриевна,blohinatatjana@example.net,+7 599 667 2601
503,Зоя Борисовна Меркушева,sorokinafekla@example.com,84225020006
504,Никифор Игоревич Андреев,mir_2018@example.com,+7 (745) 725-65-83
505,Синклитикия Эльдаровна Константинова,orest2015@example.net,+7 257 487 3329
506,Сила Жоресович Беспалов,wfokin@example.com,+7 214 428 1309
507,Дмитрий Ануфриевич Миронов,trofimovuljan@example.org,8 (443) 092-4026
508,Валентина Федоровна Зыкова,sisoevnestor@example.org,+7 (944) 496-15-21
509,Шашков Глеб Денисович,zinaida_1979@example.org,+7 (736) 181-48-81
510,Пахом Брониславович Панфилов,miroslav2014@example.net,8 (931) 420-1166
511,Геннадий Ермолаевич Белов,nifontsharapov@example.net,+7 (304) 277-69-97
512,Нестор Устинович Одинцов,epifan43@example.net,+7 480 003 5849
513,Шилов Ипатий Фадеевич,foka_88@example.com,+7 891 060 58 45
514,Агап Фролович Колобов,martjan_10@example.net,8 (667) 809-2936
515,Селезнева Агата Алексеевна,kalashnikovafekla@example.org,8 (406) 262-30-80
516,Надежда Святославовна Хохлова,akim83@example.com,8 (247) 277-4404
517,Кабанова Милица Кирилловна,tvorimir1987@example.net,+7 (491) 891-9566
518,Жанна Филипповна Воронова,jakov34@example.org,+7 013 091 5993
519,Борисова Жанна Александровна,pestovborislav@example.net,8 (562) 395-8557
520,Евстафий Всеволодович Федотов,seliverstovmoise@example.net,8 (858) 238-74-66
521,Фокин Всеволод Ефстафьевич,bolshakovaoksana@example.net,+7 118 411 77 54
522,Ширяев Пров Афанасьевич,shcherbakovinnokenti@example.com,8 (320) 862-30-65
523,Богдан Абрамович Копылов,martin36@example.org,8 396 569 2228
524,Лапина Прасковья Артемовна,terentevpimen@example.net,8 398 936 68 71
525,Кузьма Феофанович Соловьев,ermilmakarov@example.com,+7 467 237 5231
526,Рыбаков Зосима Ермолаевич,rostislav_1981@example.org,+7 577 867 12 33
527,Лукия Дмитриевна Кабанова,pantelemon71@example.net,+7 (575) 445-6122
528,Андроник Ильясович Борисов,rjabovalarisa@example.net,+7 300 149 00 51
529,Александров Тимофей Гурьевич,nadezhda80@example.com,8 663 212 40 00
530,Тарасов Святополк Бенедиктович,fedoseevaevpraksija@example.com,+70578308856
531,Марфа Тимофеевна Данилова,blohinterenti@example.net,8 419 097 03 91
532,Феврония Наумовна Казакова,sevastjan1986@example.org,80825786778
533,Ираклий Алексеевич Тетерин,korolevmaksimiljan@example.net,8 832 701 6013
534,Медведева Лора Эдуардовна,petuhovapelageja@example.net,8 (212) 449-14-68
535,Ермакова Маргарита Львовна,gromovgleb@example.com,8 (669) 022-4522
536,Жданова Виктория Валентиновна,semenovvjacheslav@example.com,8 (954) 053-8027
537,Зиновий Григорьевич Шилов,bojanbeljakov@example.com,+77681932038
538,Порфирий Тарасович Щукин,kulikovfilaret@example.net,8 554 975 12 99
539,Павлова Кира Геннадьевна,filimon_1978@example.org,+7 (240) 176-74-52
540,Зоя Рудольфовна Галкина,fedoseevnifont@example.org,+7 602 324 52 88
541,Шарова Вероника Дмитриевна,nlihacheva@example.org,8 (461) 663-35-55
542,Куприян Валерьянович Федосеев,mishinavksenti@example.org,+7 (358) 287-43-09
543,Анисимова Октябрина Станиславовна,panoverast@example.net,+72370730212
544,Карп Ермолаевич Ермаков,evgeni_2012@example.org,8 (782) 977-2449
545,Софрон Владленович Авдеев,qbobrov@example.org,+7 (608) 934-73-84
546,Корнил Денисович Меркушев,sofonkalashnikov@example.net,+77403132959
547,Майя Юльевна Кононова,isaevbudimir@example.org,8 (205) 840-5114
548,Фока Ефимьевич Васильев,fedoseevprokofi@example.net,+71388002819
549,Фирс Трофимович Денисов,guri1998@example.com,+73671510402
550,Вадим Игоревич Козлов,sofija1988@example.org,+71531495704
551,Дроздова Тамара Тарасовна,samsonkulakov@example.net,8 975 997 8473
552,Федосий Ефстафьевич Суворов,vladimirovvelimir@example.com,+7 793 821 7897
553,Родионова Жанна Петровна,askold_59@example.org,8 (334) 234-52-06
554,Ульян Эдгарович Гусев,yshirjaev@example.net,+7 304 094 98 34
555,Калинин Эмиль Гордеевич,milan_86@example.com,8 426 756 98 53
556,Пелагея Андреевна Игнатова,ukirillov@example.com,8 (587) 879-0648
557,Влас Евстигнеевич Михайлов,gavrila1979@example.com,8 718 577 52 78
558,Кудряшова Лидия Леоновна,sitnikovazoja@example.net,+72442692092
559,Елисеев Макар Феликсович,ernest_02@example.net,+7 926 421 2271
560,Вера Тарасовна Ильина,mihe99@example.net,85822707890
561,Александров Всеслав Вилорович,florentin1986@example.org,8 005 486 25 03
562,Киселев Фока Александрович,kliment1997@example.net,8 376 179 60 10
563,Харитонов Харлампий Гурьевич,panfil50@example.net,8 976 306 5671
564,Харитон Филиппович Зимин,pankrati_2006@example.org,+7 371 566 70 25
565,Волкова Лариса Борисовна,martjan83@example.net,87227670758
566,Русакова Жанна Рудольфовна,koshelevviktor@example.org,8 368 127 2851
567,Ипат Фомич Терентьев,maksimovgavrila@example.com,8 (643) 703-6056
568,Молчанов Эмиль Власович,jaropolkkolesnikov@example.org,+7 (325) 483-0426
569,Игнатьева Алевтина Максимовна,novchinnikov@example.net,8 274 767 9941
570,Маргарита Максимовна Коновалова,fotibobrov@example.org,+74118769963
571,Устинова Ксения Кузьминична,korolevaoktjabrina@example.org,+7 (141) 019-1294
572,Лапина Антонина Федоровна,pbikov@example.org,+7 662 498 1817
573,Сысоев Любомир Ефстафьевич,akudrjashov@example.com,8 (952) 468-5270
574,Авдей Венедиктович Пономарев,kuprijanrozhkov@example.org,+7 982 206 82 92
575,Вышеслав Викентьевич Шестаков,gurevgremislav@example.net,8 511 364 81 01
576,Сергеев Лазарь Ермолаевич,blohinvalentin@example.com,+7 542 213 91 42
577,Медведева Варвара Кузьминична,oborisov@example.com,+77913619396
578,Евсей Димитриевич Титов,gremislav_1997@example.com,+7 861 008 86 65
579,Дьячкова Вероника Семеновна,bzatsev@example.com,8 (950) 404-87-23
580,Ия Леоновна Дементьева,pahom67@example.org,83520631282
581,Самсонова Агафья Ждановна,volkovvaleri@example.org,8 591 255 53 14
582,г-жа Захарова Прасковья Яковлевна,gostomisl00@example.com,8 (359) 876-3834
583,Дроздов Потап Игнатьевич,serafim_1984@example.org,8 860 137 48 84
584,Фокин Радим Фомич,velimir_84@example.com,+7 043 709 74 85
585,Агафонова Валерия Игоревна,frol_64@example.net,8 (465) 058-82-78
586,Емельянова Мария Богдановна,azari2002@example.org,+7 055 973 63 84
587,Наталья Макаровна Лобанова,galkinsavvati@example.com,+7 (410) 198-50-22
588,Анжела Наумовна Ковалева,dorofeegorov@example.org,8 (438) 259-42-39
589,Милен Устинович Фомичев,zhukovaagata@example.net,8 (095) 356-68-00
590,Демид Евсеевич Фокин,fortunatsimonov@example.org,+73066165478
591,Фирс Гертрудович Горбунов,jaroslav1978@example.net,+7 (536) 156-9148
592,Елисеев Мефодий Бенедиктович,kondratevfoka@example.com,+75082183299
593,Комиссарова Марфа Филипповна,suhanovmilan@example.com,+7 (977) 713-5825
594,Меркушева Ангелина Ивановна,lora46@example.org,8 149 646 30 94
595,Федорова Виктория Львовна,foka_72@example.com,8 (971) 264-10-69
596,Якушева Евпраксия Павловна,doroninmilen@example.org,+7 945 259 3844
597,Соломон Аверьянович Селиверстов,mihalovolimpi@example.org,88314089808
598,Игнатий Фролович Лукин,savinkliment@example.org,80369229947
599,Дементьев Моисей Игнатович,evgenija_45@example.org,+74714267816
600,Зайцева Марина Вениаминовна,ignati_59@example.net,8 (641) 926-12-67
601,Владлен Архипович Васильев,fokintrifon@example.net,+77077008559
602,Сорокина Галина Архиповна,ivanna_98@example.com,+7 970 124 98 45
603,Максимова Елена Болеславовна,viktorinnosov@example.org,8 (061) 149-0905
604,Крюков Ростислав Архипович,gushchingeorgi@example.org,8 318 288 03 66
605,Зыков Владимир Давидович,egor_83@example.net,+71861271288
606,Беспалова Алла Константиновна,kim_1990@example.net,+73714805922
607,Русаков Кузьма Артурович,ekaterina97@example.com,+73556676047
608,Болеслав Валерианович Калинин,fedorovaevdokija@example.com,87414885266
609,Гуляев Каллистрат Феликсович,ivanna74@example.com,+7 (904) 632-4040
610,Быков Серафим Ефстафьевич,larionovkir@example.org,+7 196 012 6286
611,Зиновий Изотович Громов,kondrat67@example.org,8 (253) 866-56-58
612,Орлов Чеслав Гурьевич,vorobevsolomon@example.org,+7 (024) 504-47-61
613,Анастасия Викторовна Борисова,ljudmila1976@example.net,+7 (310) 318-6837
614,Валерия Захаровна Гусева,martinovkondrati@example.net,+7 489 996 7968
615,Веселов Амвросий Всеволодович,xkudrjavtseva@example.org,8 (095) 100-0945
616,Елисей Гордеевич Фомин,avgustfomichev@example.org,+7 263 792 6337
617,Кулакова Ирина Валериевна,pantelemon1976@example.org,8 894 315 0129
618,Медведев Исай Борисович,eliseevavtonom@example.net,+76885785116
619,тов. Савин Викторин Жанович,golubevkapiton@example.net,8 766 159 6115
620,Ирина Борисовна Мишина,zinovi80@example.net,+7 (156) 725-5720
621,Фрол Тарасович Кононов,tretjakovsokrat@example.net,+7 035 582 6778
622,Юлия Антоновна Сысоева,kim_2012@example.net,+7 346 274 5703
623,Остромир Вячеславович Гурьев,ipat2022@example.com,+7 (067) 852-18-29
624,Орехов Зосима Авдеевич,kirilltitov@example.net,8 621 718 78 47
625,Ия Григорьевна Самойлова,zuevpantelemon@example.com,8 788 327 35 69
626,Парфен Харлампович Лихачев,antonin2006@example.com,84046520508
627,Рябов Фадей Анатольевич,ippolit_65@example.net,+7 088 854 84 69
628,Лазарева Фёкла Семеновна,fokinaolga@example.org,+7 376 179 2148
629,Кир Феоктистович Тетерин,militsa_45@example.com,+71927372486
630,Адам Денисович Муравьев,bolshakovaanna@example.org,+7 465 081 24 66
631,Марков Ипполит Жоресович,arhip2010@example.org,85826910060
632,Всемил Бориславович Белоусов,bogdanmoiseev@example.com,8 808 157 98 29
633,Владилен Дмитриевич Русаков,knjazevaoksana@example.com,+7 (801) 248-4862
634,Щукина Наина Юльевна,vasilisa_2013@example.net,87549310591
635,Рыбакова Ирина Вениаминовна,kiselevemmanuil@example.org,+7 (877) 752-69-52
636,Фокина Нинель Петровна,safonovernest@example.org,83327398926
637,Бобров Емельян Димитриевич,smirnovruben@example.org,+7 269 639 6155
638,Соловьев Вацлав Гордеевич,lidija_1985@example.com,8 693 379 07 82
639,Комарова Алина Эльдаровна,fekla2018@example.com,+7 450 640 86 26
640,Костина Оксана Ивановна,harlampi37@example.net,8 267 468 5436
641,Лидия Михайловна Полякова,kuzminaolga@example.org,8 (134) 460-1857
642,Игнатьев Максим Васильевич,egorovdorofe@example.org,8 (657) 772-01-32
643,Михайлов Федосий Артурович,adrian2011@example.net,+7 674 134 75 12
644,Варлаам Эдгарович Филатов,kliment93@example.com,+7 044 011 3244
645,Михеев Всеслав Демидович,zhuravlevaagafja@example.net,+7 (837) 415-40-33
646,Борисова Елизавета Ивановна,qkabanova@example.com,+7 (843) 130-90-41
647,Прокл Ефремович Горбачев,milovankuznetsov@example.org,+7 (581) 640-8939
648,Яковлев Иннокентий Елизарович,belovapollon@example.com,+7 (684) 888-92-10
649,Светлана Игоревна Дементьева,prov91@example.net,+7 (521) 200-52-88
650,Шилова Нина Леонидовна,florentinkopilov@example.org,8 423 735 77 02
651,Сократ Антонович Сазонов,averki_1996@example.org,8 (430) 116-88-05
652,Блохина Иванна Яковлевна,petrovagap@example.com,8 (059) 891-4030
653,Шубин Анисим Андреевич,avksenti52@example.net,84389979739
654,Щукин Савва Игнатович,avgust_1987@example.org,+7 637 510 71 60
655,Селиван Ефремович Нестеров,saveli67@example.com,8 594 321 86 64
656,Ефимов Измаил Ануфриевич,ignatevizot@example.com,+7 (330) 135-0711
657,Копылова Прасковья Наумовна,jakovlevaelizaveta@example.org,84643072427
658,Гущина София Александровна,vadimbikov@example.org,8 872 048 8444
659,Клавдия Геннадьевна Сергеева,odintsovvladilen@example.net,+7 900 081 9465
660,Кудряшова Вера Игоревна,ponomarevfade@example.com,+7 903 780 3819
661,Аркадий Анисимович Дроздов,vladlen2014@example.org,+7 (861) 844-14-96
662,Евгения Антоновна Мартынова,varlaam1999@example.com,+7 (870) 706-50-05
663,Эдуард Юлианович Рожков,gedeon2009@example.com,+7 983 228 9583
664,Лукина Пелагея Альбертовна,lora_47@example.com,8 392 935 3776
665,Капустина Лидия Владимировна,izmail_1977@example.com,+7 (939) 219-1477
666,Глафира Артемовна Киселева,isidor_1972@example.org,8 (075) 826-2098
667,Ульяна Петровна Некрасова,nmelnikov@example.org,8 (254) 433-4416
668,Макар Иосипович Ефремов,nikandrzatsev@example.net,+75779357570
669,г-н Федосеев Андрей Гаврилович,tretjakovamarina@example.com,+7 127 550 2839
670,Феофан Адрианович Бобылев,potap_2024@example.com,8 (231) 392-1787
671,Полина Харитоновна Дьячкова,viktorija36@example.net,+7 043 657 73 33
672,Олимпий Фокич Гордеев,fevronija1979@example.com,83345606423
673,Селиверстова Ольга Тимуровна,anisimovsidor@example.net,+7 796 183 10 90
674,Сократ Власович Сергеев,rbespalova@example.com,86452900844
675,Наталья Тимофеевна Щукина,iknjazev@example.net,8 (746) 278-62-56
676,Владилен Денисович Колесников,ivanna75@example.net,8 635 634 67 12
677,Носов Никифор Яковлевич,zinovivolkov@example.com,8 694 338 0173
678,Максим Викторович Жданов,prokl02@example.com,+7 208 048 0220
679,Алевтина Леонидовна Зуева,ippolit_79@example.com,8 670 235 5554
680,Титов Аристарх Георгиевич,guri18@example.com,+7 (089) 363-4145
681,Мухин Каллистрат Бориславович,bogdanovazari@example.org,+7 061 342 21 97
682,Ирина Алексеевна Васильева,afanasi80@example.net,8 (654) 451-6415
683,Ия Станиславовна Борисова,mamontovanatalja@example.com,8 (993) 155-2213
684,Карпов Добромысл Эдгардович,svetozarkiselev@example.net,+7 865 614 44 73
685,Сергеева Ольга Михайловна,izmail_71@example.com,8 (521) 586-72-19
686,Кириллова Фёкла Максимовна,efimovasvetlana@example.org,8 113 851 93 34
687,Денисова Пелагея Викторовна,martin_2018@example.net,+7 807 073 36 30
688,Воронова Элеонора Руслановна,tverdislav11@example.net,8 (974) 008-7394
689,Миронова Ольга Дмитриевна,miheevviktorin@example.com,8 (575) 152-3651
690,Татьяна Наумовна Максимова,grishinflorentin@example.com,8 (674) 893-2017
691,Орлов Аверьян Ермолаевич,nikandr_30@example.net,+7 (320) 240-6282
692,Никонова Варвара Геннадьевна,foka2008@example.org,81459813653
693,Панфил Гертрудович Архипов,aleksandrfokin@example.com,8 (974) 089-00-73
694,Элеонора Аркадьевна Овчинникова,denis96@example.net,+7 (406) 869-5405
695,Парамон Архипович Сысоев,klimentgusev@example.org,8 635 854 97 39
696,Сысоев Аркадий Изотович,moiseevmiron@example.org,8 (814) 915-04-29
697,Лора Яковлевна Елисеева,anikita18@example.net,+7 780 809 0524
698,Блохина Александра Кузьминична,bazhen_2000@example.com,+7 (938) 083-79-41
699,Буров Евгений Изотович,innokenti_99@example.net,82406303074
700,Кулагина Виктория Ивановна,pantelemon2007@example.net,+7 652 311 2649
701,Тетерина Любовь Тимуровна,stanimir_1983@example.com,8 (498) 716-5791
702,Ананий Данилович Князев,moise97@example.net,8 223 649 75 16
703,Лариса Натановна Горбачева,hristofor18@example.net,8 (078) 085-69-52
704,Татьяна Михайловна Семенова,andronik_1971@example.org,83163827758
705,Суханов Потап Григорьевич,ljakushev@example.com,+7 446 362 3958
706,Дмитрий Бенедиктович Зуев,karlteterin@example.net,8 836 687 56 96
707,Юлия Степановна Сергеева,galina_97@example.com,85307547284
708,Рожков Аполлинарий Изотович,elise2012@example.net,8 (877) 792-0227
709,Елена Феликсовна Филатова,panovavera@example.com,8 112 192 87 58
710,Мария Леонидовна Матвеева,makarovvitali@example.org,84282011937
711,Савелий Всеволодович Лихачев,xpahomova@example.net,8 (610) 877-8655
712,Варвара Никифоровна Афанасьева,kazimirmamontov@example.com,8 985 098 80 24
713,Лаврентий Виленович Медведев,evstafi2006@example.net,+7 321 843 75 60
714,Быкова Ангелина Филипповна,odintsovgremislav@example.com,+7 (055) 670-5941
715,Глафира Никифоровна Уварова,agap_33@example.com,8 589 533 41 43
716,Комиссаров Еремей Филатович,varfolome_40@example.com,+7 789 551 7955
717,Волков Амвросий Герасимович,aselezneva@example.net,8 288 532 1628
718,Зыкова Иванна Ивановна,ladislav1995@example.org,82891045537
719,Феврония Рубеновна Жукова,sharovalora@example.com,87995228835
720,Юлия Рудольфовна Галкина,ereme_1980@example.org,8 801 525 7326
721,Бирюкова Вера Юрьевна,amvrosi_85@example.com,8 140 737 3013
722,Богданов Кирилл Харламович,kozlovljubim@example.org,+7 562 897 03 10
723,Ульяна Дмитриевна Гурьева,fedor_1990@example.org,+7 (200) 272-5798
724,Творимир Владиленович Мясников,prohorermakov@example.org,8 (419) 320-4639
725,Мельников Ананий Гертрудович,dmitri06@example.net,86673759004
726,Максимов Иларион Эдуардович,ershovborislav@example.com,+7 (710) 263-3730
727,Рыбакова Клавдия Валентиновна,fokagromov@example.org,8 317 720 13 88
728,Гусева Ольга Викторовна,radovan_1993@example.net,+7 (873) 050-59-82
729,Анна Викторовна Блохина,bgerasimova@example.net,8 553 906 02 98
730,Евдокимова Феврония Тарасовна,martinovosip@example.org,8 547 836 1184
731,Август Гаврилович Агафонов,spiridon_1985@example.net,+7 (380) 641-54-63
732,Михаил Федосеевич Блинов,zhanna07@example.com,8 580 333 4188
733,Феофан Исидорович Калинин,foti_56@example.org,80369542232
734,Сила Аксёнович Беспалов,semenovsimon@example.net,+7 (547) 578-4819
735,Агафья Николаевна Титова,akolesnikov@example.com,+7 320 038 0530
736,Ефрем Эдгарович Некрасов,guljaevflorentin@example.com,+7 509 534 72 57
737,Кириллов Кондрат Фомич,ljubim_07@example.org,+7 (413) 019-7455
738,Мария Олеговна Емельянова,guljaevkliment@example.net,+72140889158
739,Антонина Александровна Александрова,grigoribogdanov@example.com,8 (135) 061-63-09
740,Поликарп Геннадиевич Селиверстов,gorbachevzahar@example.org,82540134118
741,Сысоева Варвара Львовна,ksenija_2020@example.org,+72990190982
742,Шарапов Ярополк Евстигнеевич,irina_2025@example.net,+7 (443) 286-3733
743,Емельянова Олимпиада Львовна,kononovamarina@example.org,86342308638
744,Чернов Амвросий Афанасьевич,tnosov@example.org,8 (500) 955-2046
745,Фролов Лазарь Иосифович,vladislavteterin@example.com,+72555675127
746,Яковлева Майя Оскаровна,sorokindobromisl@example.com,+7 (772) 242-8862
747,Майя Борисовна Дмитриева,lidija28@example.net,+7 (575) 945-9433
748,Савельева Фёкла Павловна,tatjana1987@example.net,89759152511
749,Максимов Светозар Андреевич,varlaammjasnikov@example.net,+7 (746) 954-75-38
750,Аксенова Элеонора Михайловна,ljubov_1986@example.net,86560686222
751,Беляков Харлампий Тарасович,arefi1974@example.org,8 749 614 17 49
752,Исай Елизарович Зимин,lebedevevstafi@example.org,+7 (800) 479-6637
753,Таисия Макаровна Суханова,filimonisaev@example.com,8 596 622 1808
754,Костин Лукьян Валерианович,oleg_29@example.org,+7 236 443 4238
755,Петр Ануфриевич Кузнецов,uignatov@example.org,8 (728) 966-1233
756,София Ниловна Белозерова,andre73@example.com,+7 (411) 247-36-75
757,Зиновьева Октябрина Павловна,fokinamos@example.com,8 036 929 5377
758,Рябова Ольга Ефимовна,avgust_65@example.com,8 940 216 0052
759,Парфен Терентьевич Селезнев,jakushevruslan@example.net,+7 373 551 7377
760,Рыбакова Фаина Аскольдовна,trofimovaalla@example.org,+7 (719) 630-74-87
761,Валерьян Георгиевич Максимов,nekrasovaristarh@example.com,88784564359
762,Гурий Ааронович Беляев,antip_82@example.com,8 292 730 23 71
763,Воробьева Милица Оскаровна,pavlovgremislav@example.org,8 (839) 824-24-28
764,Радислав Фёдорович Алексеев,agafon_82@example.net,8 055 175 2646
765,Станимир Елизарович Носков,avde47@example.com,8 (128) 555-9629
766,Ювеналий Денисович Бобылев,porfiri03@example.net,86452882820
767,Козлова Фаина Юрьевна,fomichevsimon@example.com,+7 (593) 933-6614
768,Милица Романовна Ковалева,ysaveleva@example.net,+7 700 399 29 33
769,Куликова Фёкла Васильевна,vissarion_1985@example.net,+7 024 195 75 46
770,Леонид Демидович Уваров,iprohorov@example.net,+7 167 810 56 81
771,Козлова Прасковья Руслановна,dmedvedeva@example.net,83162708029
772,Трифон Аксёнович Орехов,kolesnikovfoti@example.com,8 050 473 9951
773,Сазонов Илья Иларионович,belovlongin@example.org,+7 (967) 302-04-37
774,Щукина Евфросиния Альбертовна,evstigne_1989@example.org,8 (054) 158-5052
775,Милица Матвеевна Козлова,vladimirteterin@example.net,8 (693) 314-4295
776,Горбачев Амвросий Алексеевич,pfedotova@example.com,+7 (810) 003-89-01
777,Изяслав Венедиктович Белоусов,anatolishchukin@example.org,8 704 541 48 03
778,Меркушев Родион Филимонович,darja_31@example.net,+7 (535) 508-29-47
779,Фирс Георгиевич Афанасьев,efim56@example.org,8 732 451 3864
780,Фёкла Святославовна Давыдова,petrfedorov@example.org,89342023225
781,Любовь Дмитриевна Герасимова,lukjan_1982@example.com,8 984 749 00 72
782,Твердислав Владиленович Большаков,grigori_2007@example.org,8 899 616 4484
783,Никонова Екатерина Федоровна,maksim1996@example.org,+74225762342
784,Наумов Якуб Феоктистович,averki_1984@example.net,+7 (855) 014-49-12
785,Рожкова Любовь Валериевна,filaret_2019@example.net,+7 (149) 751-21-74
786,Авдей Августович Муравьев,efim_41@example.net,+7 (312) 158-68-32
787,Суханова Антонина Кузьминична,lobanovapollon@example.com,+7 (501) 313-02-75
788,Доброслав Виленович Зимин,agap_51@example.com,+7 604 991 5147
789,Пелагея Тимуровна Одинцова,moke22@example.net,8 (499) 130-4559
790,Тарасова Вера Рубеновна,naum_28@example.com,+7 (906) 217-96-60
791,Авдей Всеволодович Фролов,vera_53@example.org,8 932 560 7544
792,Адам Авдеевич Иванов,iljakolobov@example.com,8 506 066 4938
793,Нинель Валентиновна Кузьмина,artemivlasov@example.org,+7 921 603 55 66
794,Андроник Демидович Сафонов,onufri1978@example.net,8 (765) 928-8631
795,Александров Фотий Феликсович,tit_1997@example.org,+7 742 246 40 68
796,Ксения Львовна Уварова,antipefremov@example.com,8 (099) 901-1644
797,Медведев Боян Фомич,bronislavterentev@example.net,+7 (639) 259-42-46
798,Карпова Лариса Мироновна,zinovi79@example.net,+7 241 031 97 75
799,Павел Фомич Хохлов,vasilisa_2001@example.com,+7 (085) 624-08-63
800,Мирон Жоресович Беляков,lihachevmilan@example.net,8 (764) 245-6972
801,Савина Дарья Степановна,valerija2014@example.net,8 993 001 1759
802,Яков Бориславович Кириллов,hohlovamarfa@example.net,8 687 818 12 95
803,Воробьева Пелагея Вадимовна,harlampi_2001@example.com,+7 091 045 9906
804,Галактион Валерьевич Носов,prohor2001@example.net,8 (244) 132-92-34
805,Евпраксия Александровна Зимина,zatsevvseslav@example.com,+7 288 398 39 06
806,Медведева Олимпиада Артемовна,molchanovdanila@example.net,+70929220484
807,Евсей Фёдорович Гусев,alekseshashkov@example.net,8 609 287 80 25
808,Евфросиния Егоровна Сазонова,fedotovippolit@example.org,+7 (462) 163-0810
809,Медведев Денис Андреевич,kiselevgeorgi@example.com,+7 520 610 88 79
810,Мстислав Вилорович Брагин,ykomarov@example.net,+7 (062) 861-62-54
811,Жукова Алина Кузьминична,igor2010@example.net,8 489 559 8355
812,г-жа Зуева Агафья Макаровна,komissarovazoja@example.org,8 (425) 513-76-55
813,Бобылев Герман Арсеньевич,prov_1985@example.net,8 598 510 4508
814,Фотий Федосьевич Александров,grishindanila@example.org,+7 (112) 456-1010
815,Стрелков Устин Ермилович,maja23@example.net,81152402439
816,Князева Нинель Рудольфовна,lebedevanina@example.com,+79924882441
817,Поляков Артем Тимурович,guri_2000@example.org,8 (436) 934-67-69
818,Некрасов Ладислав Фёдорович,nekrasovajulija@example.net,80286662526
819,Глафира Валентиновна Пономарева,jakovlevaekaterina@example.org,83313911157
820,г-н Савельев Кир Борисович,shirjaevvenedikt@example.org,8 (539) 232-1179
821,Комиссарова Евдокия Руслановна,kulikovaverjan@example.com,88943851382
822,Давыдова Галина Матвеевна,demid_40@example.org,8 816 401 8775
823,Григорий Данилович Шубин,filipp2008@example.net,8 (890) 317-64-75
824,Никифоров Осип Григорьевич,vera_89@example.org,8 (968) 456-9589
825,Исаева Анна Филипповна,ovchinnikovprohor@example.com,8 (869) 700-4818
826,Александра Ждановна Лобанова,nina1995@example.net,8 134 913 52 91
827,Захарова Лариса Львовна,arefi19@example.net,+7 385 051 6475
828,Пономарева Наина Геннадиевна,gkabanova@example.org,8 (494) 800-56-84
829,Анжелика Оскаровна Фомичева,nadezhda95@example.net,+7 (145) 978-74-98
830,Изот Фомич Блинов,isa_2014@example.com,8 058 195 33 99
831,Лука Абрамович Ершов,anisimovmartjan@example.com,+7 (492) 827-8883
832,Екатерина Аркадьевна Авдеева,abramovaanastasija@example.org,+7 (416) 844-10-86
833,Спиридон Устинович Ширяев,grishinaljubov@example.com,8 514 809 28 29
834,Архип Демьянович Меркушев,bolshakovafevronija@example.com,8 (521) 403-0018
835,Аскольд Чеславович Муравьев,doroninafekla@example.net,+72568301290
836,Милий Валентинович Федосеев,belozerovfoma@example.net,+7 577 927 65 81
837,Клавдия Степановна Захарова,mina_06@example.com,+7 (981) 979-8264
838,Костина Марфа Евгеньевна,mtsvetkov@example.org,+7 062 154 06 02
839,Нина Евгеньевна Жданова,kornilovpankrati@example.net,+7 574 965 90 51
840,Капитон Игнатович Фомичев,knjazevaanastasija@example.net,80881327672
841,Гурьева Алла Захаровна,dorofeevaevdokija@example.net,8 806 111 1903
842,Фокин Ладислав Александрович,solomon_32@example.net,8 321 276 25 64
843,Олимпиада Афанасьевна Самсонова,dkulikov@example.com,+7 (030) 141-6481
844,Тарасов Иван Харлампьевич,prokofi2007@example.com,+7 (598) 503-96-62
845,Федотова Майя Владимировна,nikandr_1981@example.com,85194321906
846,Глафира Константиновна Маслова,ermil_2002@example.org,+7 502 690 4520
847,Нестерова Светлана Феликсовна,anani2004@example.net,8 (055) 227-69-87
848,Алевтина Руслановна Гущина,iosif_2015@example.com,8 (867) 294-4695
849,Зимина Вера Богдановна,iburova@example.com,8 (653) 664-4437
850,Васильева Зинаида Архиповна,eliseevevstafi@example.org,8 (153) 312-0384
851,Фёкла Николаевна Дорофеева,lapinasofija@example.net,8 564 692 7948
852,Евгения Борисовна Мельникова,mjasnikovaregina@example.com,+76843830780
853,Никифорова Евгения Львовна,tsvetkovkuzma@example.org,+77581006100
854,Буров Милан Филиппович,viktorin_74@example.com,8 295 831 97 26
855,Эрнст Афанасьевич Голубев,gurevmihail@example.net,+7 324 245 60 66
856,Жданов Елисей Фёдорович,petrloginov@example.org,8 (704) 626-22-71
857,Молчанов Орест Феликсович,xrozhkova@example.net,+7 (886) 579-78-49
858,Коновалова Жанна Кузьминична,ymerkusheva@example.org,8 (850) 890-01-22
859,Жанна Тарасовна Павлова,jaroslav_33@example.com,8 914 229 0502
860,Кондрат Адамович Карпов,zoja1971@example.net,+75731121620
861,Мясников Эрнест Васильевич,feofan_1972@example.net,+7 (736) 851-5288
862,Петр Адрианович Селиверстов,anisimovadrian@example.net,+7 246 889 7420
863,Данилова Антонина Анатольевна,margarita27@example.com,85999070706
864,Васильев Тимофей Игнатович,avdeevernest@example.net,+7 (181) 634-5726
865,Королева Таисия Владиславовна,wbragin@example.com,+7 (450) 314-02-65
866,Леонтий Всеволодович Молчанов,bogdanovgremislav@example.com,+78900185682
867,Семен Глебович Назаров,dorofefedoseev@example.net,+7 (191) 859-8692
868,Игнатьева Синклитикия Кузьминична,avde_1980@example.com,+7 972 862 25 29
869,Прокофий Игоревич Зайцев,filimon85@example.net,+7 (340) 787-0490
870,Антонин Вячеславович Романов,ovchinnikovruslan@example.org,+7 (834) 355-4193
871,Синклитикия Афанасьевна Орехова,svjatopolk_1972@example.org,+7 321 395 96 03
872,Афиноген Денисович Белозеров,maksimiljan1985@example.org,8 (133) 226-00-44
873,Акулина Кирилловна Ильина,agafja_2004@example.org,88157675243
874,Спиридон Харлампович Мясников,serge2011@example.org,88916871813
875,Савва Феоктистович Носков,juli02@example.org,8 829 656 07 89
876,Ирина Тарасовна Зыкова,kopilovanatalja@example.org,+7 171 007 95 12
877,Мария Артемовна Лаврентьева,serge66@example.com,+7 995 651 8684
878,Ангелина Леонидовна Якушева,safonovdorofe@example.com,8 948 352 3997
879,Марфа Валентиновна Крюкова,anisimovamaja@example.com,+7 (004) 801-90-18
880,Фёкла Владимировна Самойлова,kallistrat1971@example.com,8 633 138 23 10
881,Филимон Антипович Стрелков,ljubim_16@example.org,8 394 564 08 53
882,Владимир Ефремович Самсонов,dkolobova@example.com,8 057 554 3830
883,тов. Шестаков Михей Эдуардович,blinovgostomisl@example.com,+7 (084) 467-5895
884,Селезнева Жанна Анатольевна,teterinjuli@example.org,+7 (993) 479-97-22
885,Королева Екатерина Юльевна,natandjachkov@example.com,+7 (932) 353-55-79
886,Екатерина Юльевна Котова,dmitrievanatalja@example.org,8 (128) 742-6575
887,Яков Ермилович Стрелков,popovdementi@example.com,+70224686302
888,Пестов Александр Ермолаевич,evlampi2003@example.com,8 842 106 7574
889,Афанасьева Иванна Игоревна,nesterovevgeni@example.net,+7 762 049 4556
890,Селезнева Мария Борисовна,novikovazinaida@example.org,8 442 223 4288
891,Юлия Харитоновна Прохорова,kononsorokin@example.com,+7 (503) 501-96-14
892,Синклитикия Даниловна Евдокимова,flapina@example.org,83925613925
893,Панова Екатерина Федоровна,sshubin@example.net,+7 (498) 928-0317
894,Медведев Гордей Ааронович,gerasimrjabov@example.net,8 309 318 78 34
895,Синклитикия Валентиновна Белозерова,silaodintsov@example.org,+7 (083) 252-6993
896,Одинцова Марфа Артемовна,krilovrjurik@example.com,+7 (960) 839-47-00
897,Артемьева Евпраксия Тимофеевна,paramon2025@example.org,88796533729
898,Фомичев Януарий Игнатович,aristarh32@example.com,+72924622236
899,Маргарита Феликсовна Никонова,solovevaevpraksija@example.com,8 (381) 283-6323
900,Авдеева Лариса Игоревна,vlasovamos@example.net,8 071 264 4184
901,Фёкла Тарасовна Исакова,tamara_2009@example.net,+72645428595
902,Филатова Екатерина Рудольфовна,ratmir55@example.net,8 918 142 43 60
903,Соболева Маргарита Федоровна,kazakovanikita@example.net,+7 285 264 49 16
904,Евсеева Феврония Харитоновна,lobanovaglafira@example.org,+70208054052
905,Гущина Анастасия Аскольдовна,serafimpanov@example.net,84271589393
906,Ульяна Леоновна Рябова,hlarionova@example.net,8 (988) 967-4243
907,Турова Евгения Андреевна,markovaregina@example.org,8 (414) 400-07-24
908,Авдеев Елисей Ильясович,varfolome1970@example.net,+7 485 778 3203
909,Громов Христофор Давидович,medvedevfoma@example.net,8 437 723 48 11
910,Ким Дорофеевич Владимиров,doroninapraskovja@example.com,8 (947) 023-7421
911,Нина Эльдаровна Владимирова,golubevhariton@example.org,8 609 751 96 14
912,Авдеева Вера Дмитриевна,seliverst2020@example.net,+7 432 985 5331
913,Маслова Александра Ивановна,moisegorshkov@example.com,+7 761 048 72 37
914,Бирюкова Людмила Константиновна,nesterovamilitsa@example.org,8 (923) 205-27-82
915,Трофимова Евпраксия Альбертовна,dsavina@example.org,8 (161) 862-5318
916,Софон Вячеславович Александров,kirkalashnikov@example.org,+73186774679
917,Ростислав Архипович Терентьев,maksimovroman@example.org,8 (010) 247-49-39
918,Гришина Вероника Аскольдовна,olga_05@example.net,+7 (308) 041-24-79
919,Капитон Григорьевич Корнилов,valentinkozlov@example.com,+7 063 019 1877
920,Авдей Ерофеевич Капустин,velimir95@example.com,+7 993 747 5072
921,Егорова Феврония Рудольфовна,kirill2023@example.net,8 819 966 26 29
922,Алина Захаровна Наумова,kolobovaevpraksija@example.org,+7 803 799 00 37
923,Третьяков Галактион Федосеевич,fedosi2013@example.net,+7 (188) 364-2051
924,Галина Леонидовна Колобова,foti1997@example.net,+7 858 284 19 00
925,Фомин Измаил Ерофеевич,fbolshakova@example.com,+7 (427) 963-6127
926,Демид Георгиевич Терентьев,isafadeev@example.com,+7 442 238 35 72
927,Смирнова Александра Харитоновна,asokolova@example.com,8 (789) 833-7518
928,Шарова Ольга Евгеньевна,kostinelizar@example.org,+7 598 785 05 40
929,Дорофеев Аггей Васильевич,tihonovmilen@example.com,8 672 350 4548
930,Игнатов Радован Елизарович,anatoli50@example.org,+7 (014) 988-59-99
931,Селиверст Харлампьевич Сафонов,lora_27@example.org,84735245953
932,Акулина Тимофеевна Романова,evdokimovamaja@example.org,+7 669 978 90 64
933,Быков Афанасий Измаилович,maksimiljan_2015@example.org,8 176 672 07 73
934,Вера Ивановна Морозова,makar1982@example.com,+7 950 799 47 59
935,Авдей Ермилович Дроздов,dementevdavid@example.net,8 (899) 785-60-05
936,Мельникова Наталья Сергеевна,fedot_2010@example.com,+7 918 049 7947
937,Валерия Степановна Тихонова,subbotineduard@example.com,8 (978) 045-36-53
938,Федосий Бенедиктович Бобров,aksenovantonin@example.org,+7 (358) 346-10-31
939,Флорентин Юльевич Мухин,emmanuilzaharov@example.net,86544278294
940,Жуков Соломон Аксёнович,kulikovvlas@example.com,+7 (014) 367-2494
941,Петухов Радован Игнатьевич,avksenti_72@example.com,86310904519
942,Гордей Феоктистович Аксенов,efremovjaropolk@example.com,+7 (850) 471-4397
943,Галина Тимофеевна Власова,rusakovaverki@example.org,8 214 643 76 96
944,Станислав Иларионович Федосеев,kira1975@example.com,+7 872 594 04 62
945,Феврония Романовна Гаврилова,uignatova@example.com,8 (692) 196-8500
946,Владимиров Прокл Исидорович,ladimir2012@example.net,8 (310) 747-6972
947,Онуфрий Ефимьевич Брагин,averjan_2024@example.com,8 328 662 2336
948,Анна Яковлевна Гаврилова,koshelevselivan@example.com,+7 910 598 1405
949,Елизавета Геннадьевна Попова,arhipovgostomisl@example.net,+7 596 945 5715
950,Фёкла Олеговна Суханова,venedikt_1992@example.net,+7 (158) 247-2318
951,Александрова Ульяна Юрьевна,tsvetkovruslan@example.com,+73222436256
952,Фомин Казимир Иларионович,samolovagap@example.org,+7 126 212 8268
953,Якушева Акулина Владиславовна,qkazakova@example.net,8 (400) 732-51-02
954,Гущина Антонина Эдуардовна,margarita1998@example.net,8 206 218 1275
955,Феврония Вениаминовна Белозерова,jevseev@example.org,+7 (190) 864-89-11
956,Василиса Кузьминична Яковлева,eliseevgremislav@example.net,8 322 487 63 33
957,Калашников Давыд Ермилович,litkinaelena@example.com,8 (863) 107-8848
958,Фадеева Акулина Юльевна,eremenosov@example.org,8 (533) 064-1105
959,Маргарита Леонидовна Владимирова,karpovhristofor@example.net,8 670 538 5890
960,Третьякова Галина Натановна,azari_63@example.net,8 (198) 090-1266
961,Кузнецова Синклитикия Матвеевна,epifan_04@example.net,+7 (745) 025-7034
962,Платон Теймуразович Меркушев,rodionovandre@example.org,+7 (381) 737-5124
963,Симон Виленович Прохоров,lavrenti2021@example.net,+7 674 068 66 46
964,София Вячеславовна Цветкова,braginvadim@example.net,+78783109704
965,Кононова Майя Анатольевна,kovalevalarisa@example.org,8 835 895 8832
966,Бронислав Тихонович Назаров,volkovemil@example.net,+7 (469) 457-68-34
967,Якушев Зиновий Филиппович,kirill1977@example.org,+7 (091) 562-52-93
968,Евсей Елизарович Данилов,averki_49@example.org,+73283993291
969,Галкина Наталья Геннадьевна,timofeevavasilisa@example.net,8 (364) 536-84-10
970,Август Германович Новиков,jsharapova@example.org,+7 (638) 068-21-66
971,Панкратий Ярославович Суворов,nikanor40@example.com,8 (636) 419-6933
972,Беспалова Иванна Эльдаровна,feliks2023@example.org,+72822119674
973,Ерофей Марсович Кондратьев,elavrenteva@example.org,8 355 023 3211
974,Савватий Гертрудович Михеев,lukija_1972@example.org,8 060 496 50 14
975,Аггей Фокич Красильников,izot_81@example.com,8 660 254 98 72
976,Элеонора Леонидовна Осипова,blohinsamson@example.net,+71659430740
977,Носова Октябрина Валентиновна,emeljan_2008@example.org,8 746 996 65 23
978,Борисова Лукия Семеновна,frol73@example.net,+7 (520) 759-14-76
979,Фрол Чеславович Гущин,sidor_72@example.com,8 520 977 17 22
980,Авдей Харитонович Ильин,emeljanignatev@example.com,8 749 578 26 16
981,Парфен Гавриилович Красильников,andron_08@example.com,+74167766293
982,Миронов Устин Иосифович,emil82@example.com,+7 (863) 317-85-79
983,Елизавета Святославовна Данилова,ija_68@example.org,+7 999 424 2808
984,Ирина Владимировна Ефимова,filaret_2012@example.com,+7 527 170 1984
985,Октябрина Аркадьевна Пестова,shirjaevakira@example.net,+7 458 358 5659
986,Лобанов Константин Елисеевич,makar_2023@example.net,8 768 332 27 12
987,Анастасия Андреевна Громова,afanasevavalerija@example.org,8 349 951 2950
988,Комарова Светлана Мироновна,moise2008@example.com,8 581 731 4405
989,Дьячков Тит Эдгарович,ivanna_03@example.net,+7 (918) 957-3353
990,Софон Харлампьевич Данилов,rozhkovnatan@example.com,+77580600111
991,Никандр Игоревич Громов,lidija_1981@example.com,+7 219 512 6092
992,Емельянов Пантелеймон Артемьевич,lavr2023@example.org,8 531 256 13 93
993,Элеонора Евгеньевна Маркова,matveevljubomir@example.net,8 (744) 098-2199
994,Иванна Аскольдовна Борисова,mark_2010@example.net,+70103394958
995,Евгения Натановна Дементьева,avgust_99@example.net,+7 (789) 093-59-67
996,Алина Руслановна Шилова,elizarsimonov@example.net,8 412 791 98 26
997,Аверкий Ефстафьевич Костин,valeriabramov@example.com,8 350 516 30 19
998,Рожков Любосмысл Тимурович,viktorin2005@example.org,+7 (365) 717-5161
999,Кирилл Антонович Николаев,baranovkir@example.net,+77586203722
1000,Захарова Регина Кирилловна,andreevseev@example.com,8 (619) 260-32-24
